Feature,MeanImportance,StdImportance
CDS_GC,0.20244262764990467,0.009112137976990047
Promoter_GC,0.18607915473271056,0.009925175590546953
Protein_length_log,0.1731604058386093,0.006012664586388873
Cys_frequency,0.15691385086461662,0.006413272524044018
SignalP_SP_prob,0.15203017483676193,0.00970112676657942
TM_domain_count,0.05354247580622094,0.005203645479131952
Wbox_count,0.046740415228073075,0.005019018532705532
Has_TM_domain,0.029090895043102832,0.005052849345434127
